[{"code":"let nosotrosFlecha = document.querySelector(\".nosotros-flecha\");\r\nlet tiendaFlecha = document.querySelector(\".tienda-flecha\");\r\n\r\nlet nosotrosSubcategoria = document.querySelector(\".nosotros-subcategoria\");\r\nlet tiendaSubcategoria = document.querySelector(\".tienda-subcategoria\");\r\n\r\nnosotrosFlecha.addEventListener(\"click\", function(){\r\n    nosotrosSubcategoria.classList.toggle(\"invisible\");\r\n    nosotrosFlecha.classList.toggle(\"rotacion\");\r\n});\r\n\r\ntiendaFlecha.addEventListener(\"click\", function(){\r\n    tiendaSubcategoria.classList.toggle(\"invisible\");\r\n    tiendaFlecha.classList.toggle(\"rotacion\");\r\n});\r\n\r\n////////////////////////////////////////////////////////////////\r\n\r\nlet nosotrosFlechaMobile = document.querySelector(\".nosotros-flecha-mobile\");\r\nlet tiendaFlechaMobile = document.querySelector(\".tienda-flecha-mobile\");\r\n\r\nlet nosotrosSubcategoriaMobile = document.querySelector(\".nosotros-subcategoria-mobile\");\r\nlet tiendaSubcategoriaMobile = document.querySelector(\".tienda-subcategoria-mobile\");\r\n\r\nnosotrosFlechaMobile.addEventListener(\"click\", function(){\r\n    nosotrosSubcategoriaMobile.classList.toggle(\"invisible\");\r\n    nosotrosFlechaMobile.classList.toggle(\"rotacion\");\r\n});\r\n\r\ntiendaFlechaMobile.addEventListener(\"click\", function(){\r\n    tiendaSubcategoriaMobile.classList.toggle(\"invisible\");\r\n    tiendaFlechaMobile.classList.toggle(\"rotacion\");\r\n});\r\n\r\nconsole.log(\"Desde menu.js\");","src":"","priority":10,"key":"widget-0"},{"code":"","src":"https://code.jquery.com/jquery-3.5.1.min.js","priority":10,"key":"widget-1"},{"code":"const loaderContainer = document.querySelector(\".loaderContainer\");\r\n\r\n$( window ).ready(function(){\r\n    $(loaderContainer).delay(2000).fadeOut( 1000 );\r\n})","src":"","priority":10,"key":"widget-2"},{"code":"","src":"https://http2.mlstatic.com/frontend-assets/mshops-web-widgets/v2.0.0/cookie-disclaimer.js","priority":10,"key":"widget-3"},{"code":"","src":"https://http2.mlstatic.com/frontend-assets/mshops-web-widgets/v2.0.0/menu-fashion.js","priority":10,"key":"widget-4"},{"code":"","src":"https://http2.mlstatic.com/frontend-assets/mshops-web-widgets/v2.0.0/search-fashion.js","priority":10,"key":"widget-5"},{"code":"","src":"https://http2.mlstatic.com/frontend-assets/mshops-web-widgets/v2.0.0/on-scroll-header.js","priority":10,"key":"widget-6"},{"code":"const URLactual = window.location.pathname;\r\n\r\nif (URLactual == \"/quienes-somos\") {\r\n    if (document.querySelector(\".ui-search\")) {\r\n        const ui_search = document.querySelector(\".ui-search\");\r\n\r\n        ui_search.classList.toggle(\"invisible\");\r\n\r\n        let main = document.querySelector(\"#root-app\");\r\n\r\n        main.innerHTML = '<section class=\"nosotros-contenedor\"> <img src=\"https://iili.io/be1Eve.png\" alt=\"\" class=\"quienes-somos-adicional-6\"/> <a id=\"quienes_somos\"></a> <div class=\"imagen\"> <img src=\"https://iili.io/HCkAAhP.png\" alt=\"img-nosotros-1\" /> </div> <div class=\"introduccion\"> <div class=\"texto-nosotros\"> <h2>¿Quiénes somos?</h2> <p> Somos Nucete, la marca más conocida por los argentinos cuando de aceitunas se trata. Nuestros productos están en las mesas de todo el país desde 1947 y trabajamos día a día para poder llevar nuestro sabor a todos los paladares del mundo. </p> </div> <img src=\"https://iili.io/bEUM6N.png\" alt=\"\" class=\"quienes-somos-adicional-1\"/> </div> <a id=\"que_hacemos\"></a> <div class=\"imagen\"> <img src=\"https://iili.io/HCkA7CF.png\" alt=\"img-nosotros-2\" /> </div> <div class=\"que-hacemos\"> <div class=\"texto-nosotros\"> <h2>¿Qué hacemos?</h2> <p> Los olivos son nuestra principal ocupación; por eso trabajamos cuidando nuestra materia prima desde el primer momento, en el vivero, hasta que el producto está terminado. Además de aceitunas y aceites de oliva, brindamos a nuestros clientes una amplia gama de productos incluyendo: Pickles, cebollitas, alcaparras, entre otros. </p> </div> <img src=\"https://iili.io/beljNj.png\" alt=\"\" class=\"quienes-somos-adicional-2\" /> <img src=\"https://iili.io/belsxR.png\" alt=\"\" class=\"quienes-somos-adicional-3\" /> </div> <a id=\"como_lo_hacemos\"></a> <div class=\"imagen\"> <img src=\"https://iili.io/HCkAa4a.png\" alt=\"img-nosotros-3\" /> </div> <div class=\"como-hacemos\"> <div class=\"texto-nosotros\"> <h2>¿Cómo lo hacemos?</h2> <p> Al estar verticalmente integrados, somos responsables de todo el proceso productivo, y cuidamos la materia prima desde el vivero hasta tu mesa. En nuestra planta se realizan dos procesos fundamentales: La producción de aceituna de mesa y la producción de aceite de oliva. </p> </div> <img src=\"https://iili.io/be07g1.png\" alt=\"\" class=\"quienes-somos-adicional-4\" /> <img src=\"https://iili.io/be0r1S.png\" alt=\"\" class=\"quienes-somos-adicional-5\" /> </div> <div class=\"infografia-contenedor infografia-par\"> <img src=\"https://iili.io/bE4w91.png\" alt=\"recoleccion-img\" /> <div class=\"textos\"> <h2>Recolección de aceitunas.</h2> <p> La cosecha de aceitunas comienza en el mes de enero. Las variedades que generalmente se utilizan para elaborar aceitunas verdes enteras son las siguientes: Manzanilla Fina, Aloreña, Hojiblanca y Picual. </p> <br /> <p>La forma de recolección es manual</p> </div> </div> <div class=\"infografia-contenedor infografia-inpar\"> <div class=\"textos\"> <h2>Traslado a fábrica.</h2> <p> Las aceitunas se colocan en bines de 550 - 600kg. de capacidad y son transportadas por camiones a la playa de recepción de la planta industrial. </p> </div> <img src=\"https://iili.io/bEPhTF.png\" alt=\"recoleccion-img\"/> </div> <div class=\"infografia-contenedor infografia-par amargo-natural\"> <img src=\"https://iili.io/bEQplj.png\" alt=\"recoleccion-img\" /> <div class=\"textos\"> <h2>Eliminación del amargo natural.</h2> <p> En esta operación se elimina de las aceitunas el glucósido denominado “oleuropeína”, responsable del sabor amargo de las mismas. Para esto se utiliza una solución de soda cáustica. Luego del tratamiento alcalino se realizan lavados para eliminar la solución de soda cáustica. </p> </div> <img src=\"https://iili.io/beEkil.png\" alt=\"\" class=\"quienes-somos-adicional-7\"/> </div> <div class=\"infografia-contenedor infografia-inpar fermentacion-lactica\"> <div class=\"textos\"> <h2>Fermentación láctica.</h2> <p> Proceso de fermentación láctica natural controlada. El tiempo de fermentación ocurre en los primeros noventa dias. Se controla pH, acidez, azúcares residuales, ya que de estos valores depende el correcto desarrollo de las bacterias ácido lácticas. </p> </div> <img src=\"https://iili.io/bGJ8mb.png\" alt=\"recoleccion-img\" /> <img src=\"https://iili.io/beV3cN.png\" alt=\"\" class=\"quienes-somos-adicional-9\"/> <img src=\"https://iili.io/beMzYP.png\" alt=\"\" class=\"quienes-somos-adicional-8\"/> </div> <div class=\"infografia-contenedor infografia-par\"> <img src=\"https://iili.io/bGJpQR.png\" alt=\"recoleccion-img\" /> <div class=\"textos\"> <h2>Selección y clasificado.</h2> <p> Para terminar su acondicionamiento se seleccionan, sacando los frutos defectuosos y luego se clasifica por tamaños (calibre), según el número contenido de frutos, es decir el número de frutos por kilogramo. Se utiliza la normativa CODEX STAN 66. </p> </div> </div> <div class=\"imagen slide-seis\"> <img class=\"seis-img\" src=\"https://iili.io/bGNXtV.png\" alt=\"6img\" /> <img src=\"https://iili.io/HCkAl3J.png\" alt=\"img-nosotros-4\" /> <img src=\"https://iili.io/beV8fR.png\" alt=\"\" class=\"quienes-somos-adicional-10\" /> <img src=\"https://iili.io/behaDX.png\" alt=\"\" class=\"quienes-somos-adicional-11\" /> </div> <div></div> <div class=\"maquinado-contenedor\"> <div class=\"introduccion\"> <h2>Maquinado.</h2> <p>Los frutos son sometidos a diferentes operaciones de maquinado.</p> <p>A continuación se detallan los diferentes procesos:</p> </div> <div class=\"contenido\"> <p> <span>Descarozado:</span>esta operación consiste en separar el carozo de la pulpa, utilizando máquinas automáticas, que descarozan el fruto a altas velocidades, pasando luego a un densímetro que separa los carozos por densidad, y a una cinta de inspección, para separar las defectuosas. </p> </div> <div class=\"contenido\"> <p> <span>Rodajado:</span>las aceitunas luego de ser descarozadas ingresan a la máquina rodajadora, que con cuchillas giratorias las cortan en el sentido perpendicular al eje mayor en rodajas, de espesor relativamente uniforme. Pasan luego por una zaranda que les elimina los trocitos de pulpa, dejándola lista para el envasado. </p> </div> <div class=\"contenido\"> <p> <span>Relleno:</span>la operación de relleno tiene por objeto separar el carozo de la pulpa del fruto. </p> </div> </div> <div class=\"infografia-contenedor envasado\"> <img class=\"img-siete\" src=\"https://iili.io/bGwKB9.png\" alt=\"recoleccion-img\" /> <div class=\"textos\"> <h2>Envasado.</h2> <p> La operación de envasado se realiza en envases de vidrio y/o flexibles, de diversos tamaños y formatos. </p> </div> <img src=\"https://iili.io/bejXEJ.png\" alt=\"\" class=\"quienes-somos-adicional-12\" /> <img src=\"https://iili.io/bew2yB.png\" alt=\"\" class=\"quienes-somos-adicional-13\" /> </div> <a id=\"para_que_hacemos\"></a> <div class=\"imagen\"> <img src=\"https://iili.io/HCkARQ1.png\" alt=\"img-nosotros-5\" /> </div> <div class=\"texto-nosotros\"> <h2>¿Para qué lo hacemos?</h2> <p> Tenemos como objetivo llegar a ser la empresa Olivicola Nº1 en el mundo y así consolidar nuestra proyección internacional; con la excelente operativa y la constante evolución tecnológica en nuestra industria. Estamos comprometidos con impulsar el talento y las fortalezas de todo el equipo de trabajo y nuestros proveedores, implementando un modelo tendiente a maximizar la rentabilidad, sin dejar de lado la responsabilidad social. </p> </div> <div class=\"imagen\"> <img src=\"https://iili.io/HCkAYEg.png\" alt=\"img-nosotros-6\" /> </div> </section>';\r\n\r\n        throw new Error(\"Error controlado\");\r\n    } else if (document.querySelector(\".ui-search--zrp\")) {\r\n        const ui_search = document.querySelector(\".ui-search--zrp\");\r\n\r\n        ui_search.classList.toggle(\"invisible\");\r\n\r\n        let main = document.querySelector(\"#root-app\");\r\n\r\n        main.innerHTML = '<section class=\"nosotros-contenedor\"> <img src=\"https://iili.io/be1Eve.png\" alt=\"\" class=\"quienes-somos-adicional-6\"/> <a id=\"quienes_somos\"></a> <div class=\"imagen\"> <img src=\"https://iili.io/HCkAAhP.png\" alt=\"img-nosotros-1\" /> </div> <div class=\"introduccion\"> <div class=\"texto-nosotros\"> <h2>¿Quiénes somos?</h2> <p> Somos Nucete, la marca más conocida por los argentinos cuando de aceitunas se trata. Nuestros productos están en las mesas de todo el país desde 1947 y trabajamos día a día para poder llevar nuestro sabor a todos los paladares del mundo. </p> </div> <img src=\"https://iili.io/bEUM6N.png\" alt=\"\" class=\"quienes-somos-adicional-1\"/> </div> <a id=\"que_hacemos\"></a> <div class=\"imagen\"> <img src=\"https://iili.io/HCkA7CF.png\" alt=\"img-nosotros-2\" /> </div> <div class=\"que-hacemos\"> <div class=\"texto-nosotros\"> <h2>¿Qué hacemos?</h2> <p> Los olivos son nuestra principal ocupación; por eso trabajamos cuidando nuestra materia prima desde el primer momento, en el vivero, hasta que el producto está terminado. Además de aceitunas y aceites de oliva, brindamos a nuestros clientes una amplia gama de productos incluyendo: Pickles, cebollitas, alcaparras, entre otros. </p> </div> <img src=\"https://iili.io/beljNj.png\" alt=\"\" class=\"quienes-somos-adicional-2\" /> <img src=\"https://iili.io/belsxR.png\" alt=\"\" class=\"quienes-somos-adicional-3\" /> </div> <a id=\"como_lo_hacemos\"></a> <div class=\"imagen\"> <img src=\"https://iili.io/HCkAa4a.png\" alt=\"img-nosotros-3\" /> </div> <div class=\"como-hacemos\"> <div class=\"texto-nosotros\"> <h2>¿Cómo lo hacemos?</h2> <p> Al estar verticalmente integrados, somos responsables de todo el proceso productivo, y cuidamos la materia prima desde el vivero hasta tu mesa. En nuestra planta se realizan dos procesos fundamentales: La producción de aceituna de mesa y la producción de aceite de oliva. </p> </div> <img src=\"https://iili.io/be07g1.png\" alt=\"\" class=\"quienes-somos-adicional-4\" /> <img src=\"https://iili.io/be0r1S.png\" alt=\"\" class=\"quienes-somos-adicional-5\" /> </div> <div class=\"infografia-contenedor infografia-par\"> <img src=\"https://iili.io/bE4w91.png\" alt=\"recoleccion-img\" /> <div class=\"textos\"> <h2>Recolección de aceitunas.</h2> <p> La cosecha de aceitunas comienza en el mes de enero. Las variedades que generalmente se utilizan para elaborar aceitunas verdes enteras son las siguientes: Manzanilla Fina, Aloreña, Hojiblanca y Picual. </p> <br /> <p>La forma de recolección es manual</p> </div> </div> <div class=\"infografia-contenedor infografia-inpar\"> <div class=\"textos\"> <h2>Traslado a fábrica.</h2> <p> Las aceitunas se colocan en bines de 550 - 600kg. de capacidad y son transportadas por camiones a la playa de recepción de la planta industrial. </p> </div> <img src=\"https://iili.io/bEPhTF.png\" alt=\"recoleccion-img\"/> </div> <div class=\"infografia-contenedor infografia-par amargo-natural\"> <img src=\"https://iili.io/bEQplj.png\" alt=\"recoleccion-img\" /> <div class=\"textos\"> <h2>Eliminación del amargo natural.</h2> <p> En esta operación se elimina de las aceitunas el glucósido denominado “oleuropeína”, responsable del sabor amargo de las mismas. Para esto se utiliza una solución de soda cáustica. Luego del tratamiento alcalino se realizan lavados para eliminar la solución de soda cáustica. </p> </div> <img src=\"https://iili.io/beEkil.png\" alt=\"\" class=\"quienes-somos-adicional-7\"/> </div> <div class=\"infografia-contenedor infografia-inpar fermentacion-lactica\"> <div class=\"textos\"> <h2>Fermentación láctica.</h2> <p> Proceso de fermentación láctica natural controlada. El tiempo de fermentación ocurre en los primeros noventa dias. Se controla pH, acidez, azúcares residuales, ya que de estos valores depende el correcto desarrollo de las bacterias ácido lácticas. </p> </div> <img src=\"https://iili.io/bGJ8mb.png\" alt=\"recoleccion-img\" /> <img src=\"https://iili.io/beV3cN.png\" alt=\"\" class=\"quienes-somos-adicional-9\"/> <img src=\"https://iili.io/beMzYP.png\" alt=\"\" class=\"quienes-somos-adicional-8\"/> </div> <div class=\"infografia-contenedor infografia-par\"> <img src=\"https://iili.io/bGJpQR.png\" alt=\"recoleccion-img\" /> <div class=\"textos\"> <h2>Selección y clasificado.</h2> <p> Para terminar su acondicionamiento se seleccionan, sacando los frutos defectuosos y luego se clasifica por tamaños (calibre), según el número contenido de frutos, es decir el número de frutos por kilogramo. Se utiliza la normativa CODEX STAN 66. </p> </div> </div> <div class=\"imagen slide-seis\"> <img class=\"seis-img\" src=\"https://iili.io/bGNXtV.png\" alt=\"6img\" /> <img src=\"https://iili.io/HCkAl3J.png\" alt=\"img-nosotros-4\" /> <img src=\"https://iili.io/beV8fR.png\" alt=\"\" class=\"quienes-somos-adicional-10\" /> <img src=\"https://iili.io/behaDX.png\" alt=\"\" class=\"quienes-somos-adicional-11\" /> </div> <div></div> <div class=\"maquinado-contenedor\"> <div class=\"introduccion\"> <h2>Maquinado.</h2> <p>Los frutos son sometidos a diferentes operaciones de maquinado.</p> <p>A continuación se detallan los diferentes procesos:</p> </div> <div class=\"contenido\"> <p> <span>Descarozado:</span>esta operación consiste en separar el carozo de la pulpa, utilizando máquinas automáticas, que descarozan el fruto a altas velocidades, pasando luego a un densímetro que separa los carozos por densidad, y a una cinta de inspección, para separar las defectuosas. </p> </div> <div class=\"contenido\"> <p> <span>Rodajado:</span>las aceitunas luego de ser descarozadas ingresan a la máquina rodajadora, que con cuchillas giratorias las cortan en el sentido perpendicular al eje mayor en rodajas, de espesor relativamente uniforme. Pasan luego por una zaranda que les elimina los trocitos de pulpa, dejándola lista para el envasado. </p> </div> <div class=\"contenido\"> <p> <span>Relleno:</span>la operación de relleno tiene por objeto separar el carozo de la pulpa del fruto. </p> </div> </div> <div class=\"infografia-contenedor envasado\"> <img class=\"img-siete\" src=\"https://iili.io/bGwKB9.png\" alt=\"recoleccion-img\" /> <div class=\"textos\"> <h2>Envasado.</h2> <p> La operación de envasado se realiza en envases de vidrio y/o flexibles, de diversos tamaños y formatos. </p> </div> <img src=\"https://iili.io/bejXEJ.png\" alt=\"\" class=\"quienes-somos-adicional-12\" /> <img src=\"https://iili.io/bew2yB.png\" alt=\"\" class=\"quienes-somos-adicional-13\" /> </div> <a id=\"para_que_hacemos\"></a> <div class=\"imagen\"> <img src=\"https://iili.io/HCkARQ1.png\" alt=\"img-nosotros-5\" /> </div> <div class=\"texto-nosotros\"> <h2>¿Para qué lo hacemos?</h2> <p> Tenemos como objetivo llegar a ser la empresa Olivicola Nº1 en el mundo y así consolidar nuestra proyección internacional; con la excelente operativa y la constante evolución tecnológica en nuestra industria. Estamos comprometidos con impulsar el talento y las fortalezas de todo el equipo de trabajo y nuestros proveedores, implementando un modelo tendiente a maximizar la rentabilidad, sin dejar de lado la responsabilidad social. </p> </div> <div class=\"imagen\"> <img src=\"https://iili.io/HCkAYEg.png\" alt=\"img-nosotros-6\" /> </div> </section>';\r\n\r\n        throw new Error(\"Error controlado\");\r\n    }\r\n}","src":"","priority":10,"key":"widget-7"},{"code":"const URLactual = window.location.pathname;\r\nconst categorias = document.querySelector(\".contenedor-categorias\");\r\n\r\nif (URLactual == \"/\") {\r\n    categorias.classList.toggle(\"invisible\");\r\n}\r\n","src":"","priority":10,"key":"widget-8"},{"code":"const URLactual = window.location.pathname;\r\nconst componentWrapper = document.querySelectorAll(\".component-wrapper\");\r\nconst categorias = document.querySelector(\".contenedor-categorias\");\r\n\r\nif (URLactual == \"/\") {\r\n  setTimeout(function () {\r\n    $(document).ready(function () {\r\n      $(categorias).insertAfter($(componentWrapper[0]));\r\n    });\r\n  }, 1000);\r\n}\r\n","src":"","priority":10,"key":"widget-9"},{"code":"const URLactual = window.location.pathname;\r\n\r\nif (URLactual == \"/recetas\") {\r\n    if (document.querySelector(\".ui-search\")) {\r\n        const ui_search = document.querySelector(\".ui-search\");\r\n\r\n        ui_search.classList.toggle(\"invisible\");\r\n\r\n        let main = document.querySelector(\"#root-app\");\r\n\r\n        main.innerHTML = ' <div class=\"contenedor-recetas\"> <h2>Nuestras recetas</h2> <div class=\"recetas\"> <!-- RECETA --> <div class=\"receta\"> <a href=\"/receta-red-velvet\" class=\"imagen-receta red-velvet\"> <span>Receta</span> <p>Red Velvet</p> <img src=\"https://iili.io/LPP4h7.png\" alt=\"logo-nucete.png\" /> </a> <h5>Red Velvet</h5> </div> <!-- RECETA --> <div class=\"receta\"> <a href=\"/receta-focaccia\" class=\"imagen-receta focaccia\"> <span>Receta</span> <p>Focaccia</p> <img src=\"https://iili.io/LPP4h7.png\" alt=\"logo-nucete.png\" /> </a> <h5>Focaccia</h5> </div> <!-- RECETA --> <div class=\"receta\"> <a href=\"/receta-empanadas-calabaza\" class=\"imagen-receta empanadas-calabaza\"> <span>Receta</span> <p>Empanadas De Calabaza</p> <img src=\"https://iili.io/LPP4h7.png\" alt=\"logo-nucete.png\" /> </a> <h5>Empanadas de calabaza</h5> </div> <!-- RECETA --> <div class=\"receta\"> <a href=\"/receta-aceitunas-fritas\" class=\"imagen-receta aceitunas-fritas\"> <span>Receta</span> <p>Aceitunas Fritas</p> <img src=\"https://iili.io/LPP4h7.png\" alt=\"logo-nucete.png\" /> </a> <h5>Aceitunas Fritas</h5> </div> <!-- RECETA --> <div class=\"receta\"> <a href=\"/receta-albondigas\" class=\"imagen-receta albondigas\"> <span>Receta</span> <p>Albondigas</p> <img src=\"https://iili.io/LPP4h7.png\" alt=\"logo-nucete.png\" /> </a> <h5>Albondigas</h5> </div> <!-- RECETA --> <div class=\"receta\"> <a href=\"/receta-chutney\" class=\"imagen-receta chutney\"> <span>Receta</span> <p>Chutney</p> <img src=\"https://iili.io/LPP4h7.png\" alt=\"logo-nucete.png\" /> </a> <h5>Chutney</h5> </div> <!-- RECETA --> <div class=\"receta\"> <a href=\"/receta-magdalenas\" class=\"imagen-receta magdalenas\"> <span>Receta</span> <p>Magdalenas</p> <img src=\"https://iili.io/LPP4h7.png\" alt=\"logo-nucete.png\" /> </a> <h5>Magdalenas</h5> </div> <!-- RECETA --> <div class=\"receta\"> <a href=\"/receta-caritas\" class=\"imagen-receta caritas\"> <span>Receta</span> <p>Caritas</p> <img src=\"https://iili.io/LPP4h7.png\" alt=\"logo-nucete.png\" /> </a> <h5>Caritas</h5> </div> <!-- RECETA --> <div class=\"receta\"> <a href=\"/receta-pesto\" class=\"imagen-receta pesto\"> <span>Receta</span> <p>Pesto</p> <img src=\"https://iili.io/LPP4h7.png\" alt=\"logo-nucete.png\" /> </a> <h5>Pesto</h5> </div> </div> </div>';\r\n\r\n        throw new Error(\"Error controlado\");\r\n    } else if (document.querySelector(\".ui-search--zrp\")) {\r\n        const ui_search = document.querySelector(\".ui-search--zrp\");\r\n\r\n        ui_search.classList.toggle(\"invisible\");\r\n\r\n        let main = document.querySelector(\"#root-app\");\r\n\r\n        main.innerHTML = ' <div class=\"contenedor-recetas\"> <h2>Nuestras recetas</h2> <div class=\"recetas\"> <!-- RECETA --> <div class=\"receta\"> <a href=\"/receta-red-velvet\" class=\"imagen-receta red-velvet\"> <span>Receta</span> <p>Red Velvet</p> <img src=\"https://iili.io/LPP4h7.png\" alt=\"logo-nucete.png\" /> </a> <h5>Red Velvet</h5> </div> <!-- RECETA --> <div class=\"receta\"> <a href=\"/receta-focaccia\" class=\"imagen-receta focaccia\"> <span>Receta</span> <p>Focaccia</p> <img src=\"https://iili.io/LPP4h7.png\" alt=\"logo-nucete.png\" /> </a> <h5>Focaccia</h5> </div> <!-- RECETA --> <div class=\"receta\"> <a href=\"/receta-empanadas-calabaza\" class=\"imagen-receta empanadas-calabaza\"> <span>Receta</span> <p>Empanadas De Calabaza</p> <img src=\"https://iili.io/LPP4h7.png\" alt=\"logo-nucete.png\" /> </a> <h5>Empanadas de calabaza</h5> </div> <!-- RECETA --> <div class=\"receta\"> <a href=\"/receta-aceitunas-fritas\" class=\"imagen-receta aceitunas-fritas\"> <span>Receta</span> <p>Aceitunas Fritas</p> <img src=\"https://iili.io/LPP4h7.png\" alt=\"logo-nucete.png\" /> </a> <h5>Aceitunas Fritas</h5> </div> <!-- RECETA --> <div class=\"receta\"> <a href=\"/receta-albondigas\" class=\"imagen-receta albondigas\"> <span>Receta</span> <p>Albondigas</p> <img src=\"https://iili.io/LPP4h7.png\" alt=\"logo-nucete.png\" /> </a> <h5>Albondigas</h5> </div> <!-- RECETA --> <div class=\"receta\"> <a href=\"/receta-chutney\" class=\"imagen-receta chutney\"> <span>Receta</span> <p>Chutney</p> <img src=\"https://iili.io/LPP4h7.png\" alt=\"logo-nucete.png\" /> </a> <h5>Chutney</h5> </div> <!-- RECETA --> <div class=\"receta\"> <a href=\"/receta-magdalenas\" class=\"imagen-receta magdalenas\"> <span>Receta</span> <p>Magdalenas</p> <img src=\"https://iili.io/LPP4h7.png\" alt=\"logo-nucete.png\" /> </a> <h5>Magdalenas</h5> </div> <!-- RECETA --> <div class=\"receta\"> <a href=\"/receta-caritas\" class=\"imagen-receta caritas\"> <span>Receta</span> <p>Caritas</p> <img src=\"https://iili.io/LPP4h7.png\" alt=\"logo-nucete.png\" /> </a> <h5>Caritas</h5> </div> <!-- RECETA --> <div class=\"receta\"> <a href=\"/receta-pesto\" class=\"imagen-receta pesto\"> <span>Receta</span> <p>Pesto</p> <img src=\"https://iili.io/LPP4h7.png\" alt=\"logo-nucete.png\" /> </a> <h5>Pesto</h5> </div> </div> </div>';\r\n\r\n        throw new Error(\"Error controlado\");\r\n    }\r\n}","src":"","priority":10,"key":"widget-10"},{"code":"const URLactual = window.location.pathname;\r\n\r\n/* RED VELVET */\r\n\r\nif (URLactual == \"/receta-red-velvet\") {\r\n    if (document.querySelector(\".ui-search\")) {\r\n        const ui_search = document.querySelector(\".ui-search\");\r\n\r\n        ui_search.classList.toggle(\"invisible\");\r\n\r\n        let main = document.querySelector(\"#root-app\");\r\n\r\n        main.innerHTML = '<section class=\"receta-superior red-velvet-superior\"> <div class=\"info-receta-contenedor\"> <img class=\"imagen-receta\" src=\"https://iili.io/bJPAbe.jpg\" alt=\"imagen-receta\" /> <div class=\"info-receta\"> <div class=\"ingredientes\"> <h2>Red Velvet Cake</h2> <h3>Ingredientes</h3> <a target=\"_blank\" href=\"/MLA-1230907104-aceite-de-oliva-extra-virgen-clasico-lata-1000-ml-x-6-_JM#position=6&search_layout=stack&type=item&tracking_id=caac9fab-1afc-4402-97e8-bdd1b387f832\">100cc de Aceite de Oliva Virgen Extra Nucete<img src=\"https://cdn-icons-png.flaticon.com/512/4652/4652433.png\" alt=\"\"></a> <p>300gr de azúcar</p> <p>2 Huevos</p> <p>2 cdas cacao amargo</p> <p>240cc leche</p> <p>1 cda jugo de limón</p> <p>300gr harina 0000</p> <p>1 cdta bicarbonato de sodio</p> <p>Colorante vegetal rojo</p> </div> <div class=\"porciones\"> <img class=\"ico-porciones\" src=\"https://cdn-icons-png.flaticon.com/512/8285/8285335.png\" alt=\"ico-porciones\" /> <p><span>Porciones: </span>8</p> </div> </div> </div> </section> <div class=\"pasos-receta-contenedor\"> <div class=\"pasos-receta\"> <h3>Paso a paso</h3> <div class=\"paso-receta\"> <span>1</span> <p> Mezclá 100 cc de Aceite de Oliva Virgen Extra Nucete con 300g de azúcar. </p> </div> <div class=\"paso-receta\"> <span>2</span> <p> Agregá 2 huevos y 2 cdas de cacao amargo. </p> </div> <div class=\"paso-receta\"> <span>3</span> <p> Volcá 240 cc de leche (previamente cortada con 1 cda de jugo de limón) y 300g de harina 0000 </p> </div> <div class=\"paso-receta\"> <span>4</span> <p> Por último, disolvé 1 cdta de bicarbonato de sodio en 1 cda de jugo de limón para que se active. Agregá esto a la mezcla y revolvé. </p> </div> <div class=\"paso-receta\"> <span>5</span> <p> Coloreá utilizando colorantes vegetales para lograr el clásico color rojo de esta preparación. </p> </div> <div class=\"paso-receta\"> <span>6</span> <p> Volcá la preparación en 4 moldes de 16 cm de diámetro. Horneá por aproximadamente 15 minutos a 180°C ( o hasta insertar un palillo y que salga limpio!) </p> </div> <div class=\"paso-receta\"> <span>7</span> <p> Finalmente decorá con crema chantilly! </p> </div> </div> </div>';\r\n\r\n        throw new Error(\"Error controlado\");\r\n    } else if (document.querySelector(\".ui-search--zrp\")) {\r\n        const ui_search = document.querySelector(\".ui-search--zrp\");\r\n\r\n        ui_search.classList.toggle(\"invisible\");\r\n\r\n        let main = document.querySelector(\"#root-app\");\r\n\r\n        main.innerHTML = '<section class=\"receta-superior red-velvet-superior\"> <div class=\"info-receta-contenedor\"> <img class=\"imagen-receta\" src=\"https://iili.io/bJPAbe.jpg\" alt=\"imagen-receta\" /> <div class=\"info-receta\"> <div class=\"ingredientes\"> <h2>Red Velvet Cake</h2> <h3>Ingredientes</h3> <a target=\"_blank\" href=\"/MLA-1230907104-aceite-de-oliva-extra-virgen-clasico-lata-1000-ml-x-6-_JM#position=6&search_layout=stack&type=item&tracking_id=caac9fab-1afc-4402-97e8-bdd1b387f832\">100cc de Aceite de Oliva Virgen Extra Nucete<img src=\"https://cdn-icons-png.flaticon.com/512/4652/4652433.png\" alt=\"\"></a> <p>300gr de azúcar</p> <p>2 Huevos</p> <p>2 cdas cacao amargo</p> <p>240cc leche</p> <p>1 cda jugo de limón</p> <p>300gr harina 0000</p> <p>1 cdta bicarbonato de sodio</p> <p>Colorante vegetal rojo</p> </div> <div class=\"porciones\"> <img class=\"ico-porciones\" src=\"https://cdn-icons-png.flaticon.com/512/8285/8285335.png\" alt=\"ico-porciones\" /> <p><span>Porciones: </span>8</p> </div> </div> </div> </section> <div class=\"pasos-receta-contenedor\"> <div class=\"pasos-receta\"> <h3>Paso a paso</h3> <div class=\"paso-receta\"> <span>1</span> <p> Mezclá 100 cc de Aceite de Oliva Virgen Extra Nucete con 300g de azúcar. </p> </div> <div class=\"paso-receta\"> <span>2</span> <p> Agregá 2 huevos y 2 cdas de cacao amargo. </p> </div> <div class=\"paso-receta\"> <span>3</span> <p> Volcá 240 cc de leche (previamente cortada con 1 cda de jugo de limón) y 300g de harina 0000 </p> </div> <div class=\"paso-receta\"> <span>4</span> <p> Por último, disolvé 1 cdta de bicarbonato de sodio en 1 cda de jugo de limón para que se active. Agregá esto a la mezcla y revolvé. </p> </div> <div class=\"paso-receta\"> <span>5</span> <p> Coloreá utilizando colorantes vegetales para lograr el clásico color rojo de esta preparación. </p> </div> <div class=\"paso-receta\"> <span>6</span> <p> Volcá la preparación en 4 moldes de 16 cm de diámetro. Horneá por aproximadamente 15 minutos a 180°C ( o hasta insertar un palillo y que salga limpio!) </p> </div> <div class=\"paso-receta\"> <span>7</span> <p> Finalmente decorá con crema chantilly! </p> </div> </div> </div>';\r\n\r\n        throw new Error(\"Error controlado\");\r\n    }\r\n}\r\n\r\n/* FOCACCIA */\r\n\r\nif (URLactual == \"/receta-focaccia\") {\r\n    if (document.querySelector(\".ui-search\")) {\r\n        const ui_search = document.querySelector(\".ui-search\");\r\n\r\n        ui_search.classList.toggle(\"invisible\");\r\n\r\n        let main = document.querySelector(\"#root-app\");\r\n\r\n        main.innerHTML = '<section class=\"receta-superior focaccia-superior\"> <div class=\"info-receta-contenedor\"> <img class=\"imagen-receta\" src=\"https://iili.io/bJLO1j.jpg\" alt=\"imagen-receta\" /> <div class=\"info-receta\"> <div class=\"ingredientes\"> <h2>Focaccia</h2> <h3>Ingredientes</h3> <p>350 gr de harina de trigo de fuerza</p> <p>200 ml de agua tibia</p> <p>1/2 cucharada de sal</p> <p>1/2 cucharada de azúcar</p> <p>7 gr de levadura seca de panadería (o 20 gr. de levadura fresca)</p> <p>40 gr de aceitunas negras Nucete</p> <a target=\"_blank\" href=\"/MLA-1230907104-aceite-de-oliva-extra-virgen-clasico-lata-1000-ml-x-6-_JM#position=6&search_layout=stack&type=item&tracking_id=caac9fab-1afc-4402-97e8-bdd1b387f832\">4 cucharadas de aceite de oliva<br>virgen extra Nucete <img src=\"https://cdn-icons-png.flaticon.com/512/4652/4652433.png\" alt=\"\"></a> <p>1 cucharada de romero fresco</p> <p>Sal gruesa</p> </div> <div class=\"porciones\"> <img class=\"ico-porciones\" src=\"https://cdn-icons-png.flaticon.com/512/8285/8285335.png\" alt=\"ico-porciones\" /> <p><span>Porciones: </span>4</p> </div> </div> </div> </section> <div class=\"pasos-receta-contenedor\"> <div class=\"pasos-receta\"> <h3>Paso a paso</h3> <div class=\"paso-receta\"> <span>1</span> <p> Disolver la levadura en agua y azúcar. Espolvorear con la harina tamizada y comenzar a amasar la masa. </p> </div> <div class=\"paso-receta\"> <span>2</span> <p> Aceitar las manos con aceite y distribuir la masa en una placa para horno aceitada. </p> </div> <div class=\"paso-receta\"> <span>3</span> <p> Dejar leudar la focaccia por aprox. 1 hora en un lugar cálido y seco (el horno apagado está bien). </p> </div> <div class=\"paso-receta\"> <span>4</span> <p> Luego precalentar el horno a 250°C. Aceitar una vez más las manos y, con la punta de los dedos, hacer pequeños agujeros (sin perforar la masa) en toda la superficie de la focaccia. </p> </div> <div class=\"paso-receta\"> <span>5</span> <p> Condimentar con sal gruesa y romero, hornear por 10 minutos y luego cepillar la superficie de la focaccia con una emulsión de agua y aceite de oliva extra virgen Nucete preparada previamente. </p> </div> <div class=\"paso-receta\"> <span>6</span> <p> Volver al hornear por otros 10 minutos. </p> </div> </div> </div>';\r\n\r\n        throw new Error(\"Error controlado\");\r\n    } else if (document.querySelector(\".ui-search--zrp\")) {\r\n        const ui_search = document.querySelector(\".ui-search--zrp\");\r\n\r\n        ui_search.classList.toggle(\"invisible\");\r\n\r\n        let main = document.querySelector(\"#root-app\");\r\n\r\n        main.innerHTML = '<section class=\"receta-superior focaccia-superior\"> <div class=\"info-receta-contenedor\"> <img class=\"imagen-receta\" src=\"https://iili.io/bJLO1j.jpg\" alt=\"imagen-receta\" /> <div class=\"info-receta\"> <div class=\"ingredientes\"> <h2>Focaccia</h2> <h3>Ingredientes</h3> <p>350 gr de harina de trigo de fuerza</p> <p>200 ml de agua tibia</p> <p>1/2 cucharada de sal</p> <p>1/2 cucharada de azúcar</p> <p>7 gr de levadura seca de panadería (o 20 gr. de levadura fresca)</p> <p>40 gr de aceitunas negras Nucete</p> <a target=\"_blank\" href=\"/MLA-1230907104-aceite-de-oliva-extra-virgen-clasico-lata-1000-ml-x-6-_JM#position=6&search_layout=stack&type=item&tracking_id=caac9fab-1afc-4402-97e8-bdd1b387f832\">4 cucharadas de aceite de oliva<br>virgen extra Nucete <img src=\"https://cdn-icons-png.flaticon.com/512/4652/4652433.png\" alt=\"\"></a> <p>1 cucharada de romero fresco</p> <p>Sal gruesa</p> </div> <div class=\"porciones\"> <img class=\"ico-porciones\" src=\"https://cdn-icons-png.flaticon.com/512/8285/8285335.png\" alt=\"ico-porciones\" /> <p><span>Porciones: </span>4</p> </div> </div> </div> </section> <div class=\"pasos-receta-contenedor\"> <div class=\"pasos-receta\"> <h3>Paso a paso</h3> <div class=\"paso-receta\"> <span>1</span> <p> Disolver la levadura en agua y azúcar. Espolvorear con la harina tamizada y comenzar a amasar la masa. </p> </div> <div class=\"paso-receta\"> <span>2</span> <p> Aceitar las manos con aceite y distribuir la masa en una placa para horno aceitada. </p> </div> <div class=\"paso-receta\"> <span>3</span> <p> Dejar leudar la focaccia por aprox. 1 hora en un lugar cálido y seco (el horno apagado está bien). </p> </div> <div class=\"paso-receta\"> <span>4</span> <p> Luego precalentar el horno a 250°C. Aceitar una vez más las manos y, con la punta de los dedos, hacer pequeños agujeros (sin perforar la masa) en toda la superficie de la focaccia. </p> </div> <div class=\"paso-receta\"> <span>5</span> <p> Condimentar con sal gruesa y romero, hornear por 10 minutos y luego cepillar la superficie de la focaccia con una emulsión de agua y aceite de oliva extra virgen Nucete preparada previamente. </p> </div> <div class=\"paso-receta\"> <span>6</span> <p> Volver al hornear por otros 10 minutos. </p> </div> </div> </div>';\r\n\r\n        throw new Error(\"Error controlado\");\r\n    }\r\n}\r\n\r\n/* EMPANADAS DE CALABAZA */\r\n\r\nif (URLactual == \"/receta-empanadas-calabaza\") {\r\n    if (document.querySelector(\".ui-search\")) {\r\n        const ui_search = document.querySelector(\".ui-search\");\r\n\r\n        ui_search.classList.toggle(\"invisible\");\r\n\r\n        let main = document.querySelector(\"#root-app\");\r\n\r\n        main.innerHTML = '<section class=\"receta-superior empanadas-calabaza-superior\"> <div class=\"info-receta-contenedor\"> <img class=\"imagen-receta\" src=\"https://iili.io/tebW6Q.jpg\" alt=\"imagen-receta\" /> <div class=\"info-receta\"> <div class=\"ingredientes\"> <h2>Empanadas de calabaza</h2> <h3>Ingredientes</h3> <p>200gr Calabaza hecha puré (1 taza)</p> <p>100gr Queso port salut light</p> <a target=\"_blank\" href=\"/MLA-1230566897-aceitunas-verdes-descarozadas-nucete-frasco-660-gr-x-6-unid-_JM#position=1&search_layout=stack&type=item&tracking_id=efc6443f-c82e-4001-b554-b175e7acf8ff\">6 unidades de aceitunas verdes<img src=\"https://cdn-icons-png.flaticon.com/512/4652/4652433.png\" alt=\"\"></a> <p>6 unidades de tapas de empanadas</p> </div> <div class=\"porciones\"> <img class=\"ico-porciones\" src=\"https://cdn-icons-png.flaticon.com/512/8285/8285335.png\" alt=\"ico-porciones\" /> <p><span>Porciones: </span>6</p> </div> </div> </div> </section> <div class=\"pasos-receta-contenedor\"> <div class=\"pasos-receta\"> <h3>Paso a paso</h3> <div class=\"paso-receta\"> <span>1</span> <p> Cocinar la calabaza al horno y hacerla puré, agregar nuez moscada, sal marina, pimienta, aceite de oliva </p> </div> <div class=\"paso-receta\"> <span>2</span> <p> Rellenar las empanadas con puré, aceitunas fileteadas y queso port salut </p> </div> <div class=\"paso-receta\"> <span>3</span> <p>Cocinar en horno por 15 minutos</p> </div> </div> </div>';\r\n\r\n        throw new Error(\"Error controlado\");\r\n    } else if (document.querySelector(\".ui-search--zrp\")) {\r\n        const ui_search = document.querySelector(\".ui-search--zrp\");\r\n\r\n        ui_search.classList.toggle(\"invisible\");\r\n\r\n        let main = document.querySelector(\"#root-app\");\r\n\r\n        main.innerHTML = '<section class=\"receta-superior empanadas-calabaza-superior\"> <div class=\"info-receta-contenedor\"> <img class=\"imagen-receta\" src=\"https://iili.io/tebW6Q.jpg\" alt=\"imagen-receta\" /> <div class=\"info-receta\"> <div class=\"ingredientes\"> <h2>Empanadas de calabaza</h2> <h3>Ingredientes</h3> <p>200gr Calabaza hecha puré (1 taza)</p> <p>100gr Queso port salut light</p> <a target=\"_blank\" href=\"/MLA-1230566897-aceitunas-verdes-descarozadas-nucete-frasco-660-gr-x-6-unid-_JM#position=1&search_layout=stack&type=item&tracking_id=efc6443f-c82e-4001-b554-b175e7acf8ff\">6 unidades de aceitunas verdes<img src=\"https://cdn-icons-png.flaticon.com/512/4652/4652433.png\" alt=\"\"></a> <p>6 unidades de tapas de empanadas</p> </div> <div class=\"porciones\"> <img class=\"ico-porciones\" src=\"https://cdn-icons-png.flaticon.com/512/8285/8285335.png\" alt=\"ico-porciones\" /> <p><span>Porciones: </span>6</p> </div> </div> </div> </section> <div class=\"pasos-receta-contenedor\"> <div class=\"pasos-receta\"> <h3>Paso a paso</h3> <div class=\"paso-receta\"> <span>1</span> <p> Cocinar la calabaza al horno y hacerla puré, agregar nuez moscada, sal marina, pimienta, aceite de oliva </p> </div> <div class=\"paso-receta\"> <span>2</span> <p> Rellenar las empanadas con puré, aceitunas fileteadas y queso port salut </p> </div> <div class=\"paso-receta\"> <span>3</span> <p>Cocinar en horno por 15 minutos</p> </div> </div> </div>';\r\n\r\n        throw new Error(\"Error controlado\");\r\n    }\r\n}\r\n\r\n/* ACEITUNAS FRITAS */\r\n\r\nif (URLactual == \"/receta-aceitunas-fritas\") {\r\n    if (document.querySelector(\".ui-search\")) {\r\n        const ui_search = document.querySelector(\".ui-search\");\r\n\r\n        ui_search.classList.toggle(\"invisible\");\r\n\r\n        let main = document.querySelector(\"#root-app\");\r\n\r\n        main.innerHTML = '<section class=\"receta-superior aceitunas-fritas-superior\"> <div class=\"info-receta-contenedor\"> <img class=\"imagen-receta\" src=\"https://iili.io/bJQst9.jpg\" alt=\"imagen-receta\" /> <div class=\"info-receta\"> <div class=\"ingredientes\"> <h2>Aceitunas Fritas</h2> <h3>Ingredientes:</h3> <p>Sal y pimienta a gusto</p> <a target=\"_blank\" href=\"/MLA-1230566897-aceitunas-verdes-descarozadas-nucete-frasco-660-gr-x-6-unid-_JM#position=1&search_layout=stack&type=item&tracking_id=efc6443f-c82e-4001-b554-b175e7acf8ff\">250gr de aceitunas verdes descarozadas Nucete<img src=\"https://cdn-icons-png.flaticon.com/512/4652/4652433.png\" alt=\"\"></a> <p>1 huevo</p> <p>Pan rallado</p> <p>Ajo y perejil</p> </div> <div class=\"porciones\"> <img class=\"ico-porciones\" src=\"https://cdn-icons-png.flaticon.com/512/8285/8285335.png\" alt=\"ico-porciones\" /> <p><span>Porciones: </span>6</p> </div> </div> </div> </section> <div class=\"pasos-receta-contenedor\"> <div class=\"pasos-receta\"> <h3>Paso a paso</h3> <div class=\"paso-receta\"> <span>1</span> <p> Escurrir las aceitunas, batir el huevo con ajo y perejil y mojar con él las aceitunas. </p> </div> <div class=\"paso-receta\"> <span>2</span> <p> Empanar las aceitunas. </p> </div> <div class=\"paso-receta\"> <span>3</span> <p> Freir en aceite a tempratura moderada, 170ºC y escurrir en papel absorbente. </p> </div> </div> </div>';\r\n\r\n        throw new Error(\"Error controlado\");\r\n    } else if (document.querySelector(\".ui-search--zrp\")) {\r\n        const ui_search = document.querySelector(\".ui-search--zrp\");\r\n\r\n        ui_search.classList.toggle(\"invisible\");\r\n\r\n        let main = document.querySelector(\"#root-app\");\r\n\r\n        main.innerHTML = '<section class=\"receta-superior aceitunas-fritas-superior\"> <div class=\"info-receta-contenedor\"> <img class=\"imagen-receta\" src=\"https://iili.io/bJQst9.jpg\" alt=\"imagen-receta\" /> <div class=\"info-receta\"> <div class=\"ingredientes\"> <h2>Aceitunas Fritas</h2> <h3>Ingredientes:</h3> <p>Sal y pimienta a gusto</p> <a target=\"_blank\" href=\"/MLA-1230566897-aceitunas-verdes-descarozadas-nucete-frasco-660-gr-x-6-unid-_JM#position=1&search_layout=stack&type=item&tracking_id=efc6443f-c82e-4001-b554-b175e7acf8ff\">250gr de aceitunas verdes descarozadas Nucete<img src=\"https://cdn-icons-png.flaticon.com/512/4652/4652433.png\" alt=\"\"></a> <p>1 huevo</p> <p>Pan rallado</p> <p>Ajo y perejil</p> </div> <div class=\"porciones\"> <img class=\"ico-porciones\" src=\"https://cdn-icons-png.flaticon.com/512/8285/8285335.png\" alt=\"ico-porciones\" /> <p><span>Porciones: </span>6</p> </div> </div> </div> </section> <div class=\"pasos-receta-contenedor\"> <div class=\"pasos-receta\"> <h3>Paso a paso</h3> <div class=\"paso-receta\"> <span>1</span> <p> Escurrir las aceitunas, batir el huevo con ajo y perejil y mojar con él las aceitunas. </p> </div> <div class=\"paso-receta\"> <span>2</span> <p> Empanar las aceitunas. </p> </div> <div class=\"paso-receta\"> <span>3</span> <p> Freir en aceite a tempratura moderada, 170ºC y escurrir en papel absorbente. </p> </div> </div> </div>';\r\n\r\n        throw new Error(\"Error controlado\");\r\n    }\r\n}\r\n\r\n/* ALBONDIGAS */\r\n\r\nif (URLactual == \"/receta-albondigas\") {\r\n    if (document.querySelector(\".ui-search\")) {\r\n        const ui_search = document.querySelector(\".ui-search\");\r\n\r\n        ui_search.classList.toggle(\"invisible\");\r\n\r\n        let main = document.querySelector(\"#root-app\");\r\n\r\n        main.innerHTML = '<section class=\"receta-superior albondigas-superior\"> <div class=\"info-receta-contenedor\"> <img class=\"imagen-receta\" src=\"https://iili.io/bJQbFj.jpg\" alt=\"imagen-receta\" /> <div class=\"info-receta\"> <div class=\"ingredientes\"> <h2>Albondigas de Carne con<br>Salsa de Alcaparras</h2> <h3>Ingredientes</h3> <h4 style=\"font-weight:bold;\">Para las albóndigas:</h4> <p>Sal</p> <a target=\"_blank\" href=\"/MLA-1230907104-aceite-de-oliva-extra-virgen-clasico-lata-1000-ml-x-6-_JM#position=6&search_layout=stack&type=item&tracking_id=caac9fab-1afc-4402-97e8-bdd1b387f832\">Aceite de oliva virgen extra Nucete <img src=\"https://cdn-icons-png.flaticon.com/512/4652/4652433.png\" alt=\"\"></a> <p>600gr de carne vacuna picada</p> <p>1 taza de miga de pan remojada en leche y escurrida</p> <p>1 cucharada colmada de perejil fresco picado</p> <p>1 cucharadita de pimienta negra molida</p> <p>1/2 cucharadita de nuez moscada</p> <p>1 huevo batido</p> <p>150gr de pan rallado</p> <p>50gr de harina</p> <h4 style=\"font-weight:bold;\">Para la salsa:</h4> <p>400gr de crema de leche</p> <a target=\"_blank\" href=\"/MLA-1230817732-alcaparras-en-vinagre-110-gr-x-6-unid-_JM#position=1&search_layout=stack&type=item&tracking_id=6641bb2f-ba24-449b-9f65-89aa84127696\">1 cucharada colmada de alcaparras Nucete <img src=\"https://cdn-icons-png.flaticon.com/512/4652/4652433.png\" alt=\"\"></a> <p>3 cucharaditas de almidón de maiz</p> <p>Sal</p> </div> <div class=\"porciones\"> <img class=\"ico-porciones\" src=\"https://cdn-icons-png.flaticon.com/512/8285/8285335.png\" alt=\"ico-porciones\" /> <p><span>Porciones: </span>4</p> </div> </div> </div> </section> <div class=\"pasos-receta-contenedor\"> <div class=\"pasos-receta\"> <h3>Paso a paso</h3> <h3 style=\"border: none;\">Albondigas:</h3> <div class=\"paso-receta\"> <span>1</span> <p> En un bol grande que mezclar la carne con la miga de pan, previamente remojada en leche, y el perejil picado. </p> </div> <div class=\"paso-receta\"> <span>2</span> <p> Condimentarlo todo con la pimienta y la sal al gusto. </p> </div> <div class=\"paso-receta\"> <span>3</span> <p> Dar forma a las albóndigas haciendo bolitas con la preparación, y pasarlas por la harina, por el huevo batido y por el pan rallado. </p> </div> <div class=\"paso-receta\"> <span>4</span> <p> Una vez listas, freír las albóndigas en abundante aceite caliente hasta que queden doraditas. </p> </div> <div class=\"paso-receta\"> <span>5</span> <p> Al sacarlas del fuego, escurrirlas en papel absorbente para que queden secas y sin exceso de aceite. </p> </div> <div class=\"paso-receta\"> <span>6</span> <p> Volcá la preparación en 4 moldes de 16 cm de diámetro. Horneá por aproximadamente 15 minutos a 180°C ( o hasta insertar un palillo y que salga limpio!) </p> </div> <h3 style=\"border: none;\">Salsa:</h3> <div class=\"paso-receta\"> <span>1</span> <p> Calentar una olla con la crema de leche </p> </div> <div class=\"paso-receta\"> <span>2</span> <p> Añadir el almidón de maíz, previamente disuelta en un poquito de agua fría y removerlo bien con las varillas para evitar que se formen grumos. </p> </div> <div class=\"paso-receta\"> <span>3</span> <p> Condimentar la salsa con un popurrí de pimientas y la sal al gusto, e incorporar las alcaparras mezclándolas un poquito. </p> </div> <div class=\"paso-receta\"> <span>4</span> <p> Colocar en una fuente las albóndigas de carne con la salsa de alcaparras y servirlas bien calientes. </p> </div> </div> </div>';\r\n\r\n        throw new Error(\"Error controlado\");\r\n    } else if (document.querySelector(\".ui-search--zrp\")) {\r\n        const ui_search = document.querySelector(\".ui-search--zrp\");\r\n\r\n        ui_search.classList.toggle(\"invisible\");\r\n\r\n        let main = document.querySelector(\"#root-app\");\r\n\r\n        main.innerHTML = '<section class=\"receta-superior albondigas-superior\"> <div class=\"info-receta-contenedor\"> <img class=\"imagen-receta\" src=\"https://iili.io/bJQbFj.jpg\" alt=\"imagen-receta\" /> <div class=\"info-receta\"> <div class=\"ingredientes\"> <h2>Albondigas de Carne con<br>Salsa de Alcaparras</h2> <h3>Ingredientes</h3> <h4 style=\"font-weight:bold;\">Para las albóndigas:</h4> <p>Sal</p> <a target=\"_blank\" href=\"/MLA-1230907104-aceite-de-oliva-extra-virgen-clasico-lata-1000-ml-x-6-_JM#position=6&search_layout=stack&type=item&tracking_id=caac9fab-1afc-4402-97e8-bdd1b387f832\">Aceite de oliva virgen extra Nucete <img src=\"https://cdn-icons-png.flaticon.com/512/4652/4652433.png\" alt=\"\"></a> <p>600gr de carne vacuna picada</p> <p>1 taza de miga de pan remojada en leche y escurrida</p> <p>1 cucharada colmada de perejil fresco picado</p> <p>1 cucharadita de pimienta negra molida</p> <p>1/2 cucharadita de nuez moscada</p> <p>1 huevo batido</p> <p>150gr de pan rallado</p> <p>50gr de harina</p> <h4 style=\"font-weight:bold;\">Para la salsa:</h4> <p>400gr de crema de leche</p> <a target=\"_blank\" href=\"/MLA-1230817732-alcaparras-en-vinagre-110-gr-x-6-unid-_JM#position=1&search_layout=stack&type=item&tracking_id=6641bb2f-ba24-449b-9f65-89aa84127696\">1 cucharada colmada de alcaparras Nucete <img src=\"https://cdn-icons-png.flaticon.com/512/4652/4652433.png\" alt=\"\"></a> <p>3 cucharaditas de almidón de maiz</p> <p>Sal</p> </div> <div class=\"porciones\"> <img class=\"ico-porciones\" src=\"https://cdn-icons-png.flaticon.com/512/8285/8285335.png\" alt=\"ico-porciones\" /> <p><span>Porciones: </span>4</p> </div> </div> </div> </section> <div class=\"pasos-receta-contenedor\"> <div class=\"pasos-receta\"> <h3>Paso a paso</h3> <h3 style=\"border: none;\">Albondigas:</h3> <div class=\"paso-receta\"> <span>1</span> <p> En un bol grande que mezclar la carne con la miga de pan, previamente remojada en leche, y el perejil picado. </p> </div> <div class=\"paso-receta\"> <span>2</span> <p> Condimentarlo todo con la pimienta y la sal al gusto. </p> </div> <div class=\"paso-receta\"> <span>3</span> <p> Dar forma a las albóndigas haciendo bolitas con la preparación, y pasarlas por la harina, por el huevo batido y por el pan rallado. </p> </div> <div class=\"paso-receta\"> <span>4</span> <p> Una vez listas, freír las albóndigas en abundante aceite caliente hasta que queden doraditas. </p> </div> <div class=\"paso-receta\"> <span>5</span> <p> Al sacarlas del fuego, escurrirlas en papel absorbente para que queden secas y sin exceso de aceite. </p> </div> <div class=\"paso-receta\"> <span>6</span> <p> Volcá la preparación en 4 moldes de 16 cm de diámetro. Horneá por aproximadamente 15 minutos a 180°C ( o hasta insertar un palillo y que salga limpio!) </p> </div> <h3 style=\"border: none;\">Salsa:</h3> <div class=\"paso-receta\"> <span>1</span> <p> Calentar una olla con la crema de leche </p> </div> <div class=\"paso-receta\"> <span>2</span> <p> Añadir el almidón de maíz, previamente disuelta en un poquito de agua fría y removerlo bien con las varillas para evitar que se formen grumos. </p> </div> <div class=\"paso-receta\"> <span>3</span> <p> Condimentar la salsa con un popurrí de pimientas y la sal al gusto, e incorporar las alcaparras mezclándolas un poquito. </p> </div> <div class=\"paso-receta\"> <span>4</span> <p> Colocar en una fuente las albóndigas de carne con la salsa de alcaparras y servirlas bien calientes. </p> </div> </div> </div>';\r\n\r\n        throw new Error(\"Error controlado\");\r\n    }\r\n}\r\n\r\n/* CHUTNEY */\r\n\r\nif (URLactual == \"/receta-chutney\") {\r\n    if (document.querySelector(\".ui-search\")) {\r\n        const ui_search = document.querySelector(\".ui-search\");\r\n\r\n        ui_search.classList.toggle(\"invisible\");\r\n\r\n        let main = document.querySelector(\"#root-app\");\r\n\r\n        main.innerHTML = '<section class=\"receta-superior chutney-superior\"> <div class=\"info-receta-contenedor\"> <img class=\"imagen-receta\" src=\"https://iili.io/bJZYlf.jpg\" alt=\"imagen-receta\" /> <div class=\"info-receta\"> <div class=\"ingredientes\"> <h2>Chutney de Olivas Negras</h2> <h3>Ingredientes</h3> <p>1 Cebolla</p> <p>1 Morrón verde</p> <p>2 Dientes de ajo</p> <p>2 Cdas azúcar integral</p> <p>50cc Vinagre de manzana</p> <p>4 Cdas de azúcar</p> <p>3 Monedas de jengibre</p> <a target=\"_blank\" href=\"/MLA-1230622410-aceitunas-negras-descarozadas-light-frasco-360-gr-x-6-unid-_JM#position=1&search_layout=stack&type=item&tracking_id=e9650e06-a27a-4300-947d-f2529aaf450b\" >2 Frascos de aceitunas Negras Nucete<img src=\"https://cdn-icons-png.flaticon.com/512/4652/4652433.png\" alt=\"\" /></a> <p>Pimienta, sal marina y aceite de oliva C/N</p> </div> <div class=\"porciones\"> <img class=\"ico-porciones\" src=\"https://cdn-icons-png.flaticon.com/512/8285/8285335.png\" alt=\"ico-porciones\" /> <p><span>Porciones: </span>8</p> </div> </div> </div> </section> <div class=\"pasos-receta-contenedor\"> <div class=\"pasos-receta\"> <h3>Paso a paso</h3> <div class=\"paso-receta\"> <span>1</span> <p> Sacar el carozo a las aceitunas. Picar la cebolla, el morrón, los ajos y las aceitunas. </p> </div> <div class=\"paso-receta\"> <span>2</span> <p> Dorar la cebolla en una cacerola con un chorrito de aceite. Luego agregar el morrón y después de dos minutos el ajo. Mezclar e incorporar las aceitunas, el azúcar y el vinagre. </p> </div> <div class=\"paso-receta\"> <span>3</span> <p>Rectificar sabores y cocinar a fuego bajo durante 25 minutos.</p> </div> <div class=\"paso-receta\"> <span>4</span> <p> Apagar el fuego y dejar que se enfríe. Procesar la mitad del chutney. </p> </div> </div> </div>';\r\n\r\n        throw new Error(\"Error controlado\");\r\n    } else if (document.querySelector(\".ui-search--zrp\")) {\r\n        const ui_search = document.querySelector(\".ui-search--zrp\");\r\n\r\n        ui_search.classList.toggle(\"invisible\");\r\n\r\n        let main = document.querySelector(\"#root-app\");\r\n\r\n        main.innerHTML = '<section class=\"receta-superior chutney-superior\"> <div class=\"info-receta-contenedor\"> <img class=\"imagen-receta\" src=\"https://iili.io/bJZYlf.jpg\" alt=\"imagen-receta\" /> <div class=\"info-receta\"> <div class=\"ingredientes\"> <h2>Chutney de Olivas Negras</h2> <h3>Ingredientes</h3> <p>1 Cebolla</p> <p>1 Morrón verde</p> <p>2 Dientes de ajo</p> <p>2 Cdas azúcar integral</p> <p>50cc Vinagre de manzana</p> <p>4 Cdas de azúcar</p> <p>3 Monedas de jengibre</p> <a target=\"_blank\" href=\"/MLA-1230622410-aceitunas-negras-descarozadas-light-frasco-360-gr-x-6-unid-_JM#position=1&search_layout=stack&type=item&tracking_id=e9650e06-a27a-4300-947d-f2529aaf450b\" >2 Frascos de aceitunas Negras Nucete<img src=\"https://cdn-icons-png.flaticon.com/512/4652/4652433.png\" alt=\"\" /></a> <p>Pimienta, sal marina y aceite de oliva C/N</p> </div> <div class=\"porciones\"> <img class=\"ico-porciones\" src=\"https://cdn-icons-png.flaticon.com/512/8285/8285335.png\" alt=\"ico-porciones\" /> <p><span>Porciones: </span>8</p> </div> </div> </div> </section> <div class=\"pasos-receta-contenedor\"> <div class=\"pasos-receta\"> <h3>Paso a paso</h3> <div class=\"paso-receta\"> <span>1</span> <p> Sacar el carozo a las aceitunas. Picar la cebolla, el morrón, los ajos y las aceitunas. </p> </div> <div class=\"paso-receta\"> <span>2</span> <p> Dorar la cebolla en una cacerola con un chorrito de aceite. Luego agregar el morrón y después de dos minutos el ajo. Mezclar e incorporar las aceitunas, el azúcar y el vinagre. </p> </div> <div class=\"paso-receta\"> <span>3</span> <p>Rectificar sabores y cocinar a fuego bajo durante 25 minutos.</p> </div> <div class=\"paso-receta\"> <span>4</span> <p> Apagar el fuego y dejar que se enfríe. Procesar la mitad del chutney. </p> </div> </div> </div>';\r\n\r\n        throw new Error(\"Error controlado\");\r\n    }\r\n}\r\n\r\n/* MAGDALENAS */\r\n\r\nif (URLactual == \"/receta-magdalenas\") {\r\n    if (document.querySelector(\".ui-search\")) {\r\n        const ui_search = document.querySelector(\".ui-search\");\r\n\r\n        ui_search.classList.toggle(\"invisible\");\r\n\r\n        let main = document.querySelector(\"#root-app\");\r\n\r\n        main.innerHTML = '<section class=\"receta-superior magdalenas-superior\"> <div class=\"info-receta-contenedor\"> <img class=\"imagen-receta\" src=\"https://iili.io/bJt90G.jpg\" alt=\"imagen-receta\" /> <div class=\"info-receta\"> <div class=\"ingredientes\"> <h2>Magdalenas</h2> <h3>Ingredientes</h3> <p>4 huevos</p> <p>250gr de azúcar</p> <p>250gr de harina</p> <p>16gr de levadura en polvo</p> <a target=\"_blank\" href=\"/MLA-1230907104-aceite-de-oliva-extra-virgen-clasico-lata-1000-ml-x-6-_JM#position=6&search_layout=stack&type=item&tracking_id=caac9fab-1afc-4402-97e8-bdd1b387f832\">150ml de Aceite de Oliva Virgen Extra <img src=\"https://cdn-icons-png.flaticon.com/512/4652/4652433.png\" alt=\"\"></a> <p>100ml de leche</p> </div> <div class=\"porciones\"> <img class=\"ico-porciones\" src=\"https://cdn-icons-png.flaticon.com/512/8285/8285335.png\" alt=\"ico-porciones\" /> <p><span>Porciones: </span>6</p> </div> </div> </div> </section> <div class=\"pasos-receta-contenedor\"> <div class=\"pasos-receta\"> <h3>Paso a paso</h3> <div class=\"paso-receta\"> <span>1</span> <p> Precalentar el horno a 200ºC. </p> </div> <div class=\"paso-receta\"> <span>2</span> <p> Mezclar los huevos con el azúcar hasta conseguir una masa esponjosa. </p> </div> <div class=\"paso-receta\"> <span>3</span> <p> Anadir la leche y el aceite de oliva. Remover bien hasta que quede bien ligada la masa. </p> </div> <div class=\"paso-receta\"> <span>4</span> <p> Añadir la levadura y la harina tamizada poco a poco, para que se vaya uniendo bien a la masa. </p> </div> <div class=\"paso-receta\"> <span>5</span> <p> Rellenar los moldes para magdalenas 2/3 de su capacidad, para que cuándo suban en el horno no se desborden. </p> </div> <div class=\"paso-receta\"> <span>6</span> <p> Colocar los moldes en una placa de horno, y espolvorear un poco de azúcar por encima. </p> </div> <div class=\"paso-receta\"> <span>7</span> <p> Meter en el horno durante unos 15 minutos aproximadamente. </p> </div> <div class=\"paso-receta\"> <span>8</span> <p> Al sacarlas del horno esperar 5 minutos a que se enfríen un poco en el molde. Desmoldar y dejar enfriar en una rejilla. </p> </div> </div> </div>';\r\n\r\n        throw new Error(\"Error controlado\");\r\n    } else if (document.querySelector(\".ui-search--zrp\")) {\r\n        const ui_search = document.querySelector(\".ui-search--zrp\");\r\n\r\n        ui_search.classList.toggle(\"invisible\");\r\n\r\n        let main = document.querySelector(\"#root-app\");\r\n\r\n        main.innerHTML = '<section class=\"receta-superior magdalenas-superior\"> <div class=\"info-receta-contenedor\"> <img class=\"imagen-receta\" src=\"https://iili.io/bJt90G.jpg\" alt=\"imagen-receta\" /> <div class=\"info-receta\"> <div class=\"ingredientes\"> <h2>Magdalenas</h2> <h3>Ingredientes</h3> <p>4 huevos</p> <p>250gr de azúcar</p> <p>250gr de harina</p> <p>16gr de levadura en polvo</p> <a target=\"_blank\" href=\"/MLA-1230907104-aceite-de-oliva-extra-virgen-clasico-lata-1000-ml-x-6-_JM#position=6&search_layout=stack&type=item&tracking_id=caac9fab-1afc-4402-97e8-bdd1b387f832\">150ml de Aceite de Oliva Virgen Extra <img src=\"https://cdn-icons-png.flaticon.com/512/4652/4652433.png\" alt=\"\"></a> <p>100ml de leche</p> </div> <div class=\"porciones\"> <img class=\"ico-porciones\" src=\"https://cdn-icons-png.flaticon.com/512/8285/8285335.png\" alt=\"ico-porciones\" /> <p><span>Porciones: </span>6</p> </div> </div> </div> </section> <div class=\"pasos-receta-contenedor\"> <div class=\"pasos-receta\"> <h3>Paso a paso</h3> <div class=\"paso-receta\"> <span>1</span> <p> Precalentar el horno a 200ºC. </p> </div> <div class=\"paso-receta\"> <span>2</span> <p> Mezclar los huevos con el azúcar hasta conseguir una masa esponjosa. </p> </div> <div class=\"paso-receta\"> <span>3</span> <p> Anadir la leche y el aceite de oliva. Remover bien hasta que quede bien ligada la masa. </p> </div> <div class=\"paso-receta\"> <span>4</span> <p> Añadir la levadura y la harina tamizada poco a poco, para que se vaya uniendo bien a la masa. </p> </div> <div class=\"paso-receta\"> <span>5</span> <p> Rellenar los moldes para magdalenas 2/3 de su capacidad, para que cuándo suban en el horno no se desborden. </p> </div> <div class=\"paso-receta\"> <span>6</span> <p> Colocar los moldes en una placa de horno, y espolvorear un poco de azúcar por encima. </p> </div> <div class=\"paso-receta\"> <span>7</span> <p> Meter en el horno durante unos 15 minutos aproximadamente. </p> </div> <div class=\"paso-receta\"> <span>8</span> <p> Al sacarlas del horno esperar 5 minutos a que se enfríen un poco en el molde. Desmoldar y dejar enfriar en una rejilla. </p> </div> </div> </div>';\r\n\r\n        throw new Error(\"Error controlado\");\r\n    }\r\n}\r\n\r\n/* CARITAS */\r\n\r\nif (URLactual == \"/receta-caritas\") {\r\n    if (document.querySelector(\".ui-search\")) {\r\n        const ui_search = document.querySelector(\".ui-search\");\r\n\r\n        ui_search.classList.toggle(\"invisible\");\r\n\r\n        let main = document.querySelector(\"#root-app\");\r\n\r\n        main.innerHTML = '<section class=\"receta-superior caritas-superior\"> <div class=\"info-receta-contenedor\"> <img class=\"imagen-receta\" src=\"https://iili.io/bJtFbS.jpg\" alt=\"imagen-receta\" /> <div class=\"info-receta\"> <div class=\"ingredientes\"> <h2>Caritas de Aceitunas</h2> <h3>Ingredientes</h3> <p>1/2 papa</p> <p>1/2 batata</p> <p>3 cdas soperas de harina</p> <a target=\"_blank\" href=\"/MLA-1230907104-aceite-de-oliva-extra-virgen-clasico-lata-1000-ml-x-6-_JM#position=6&search_layout=stack&type=item&tracking_id=caac9fab-1afc-4402-97e8-bdd1b387f832\">1 cda sopera de aceite de oliva<img src=\"https://cdn-icons-png.flaticon.com/512/4652/4652433.png\" alt=\"\"></a> <a target=\"_blank\" href=\"/MLA-1230566897-aceitunas-verdes-descarozadas-nucete-frasco-660-gr-x-6-unid-_JM#position=1&search_layout=stack&type=item&tracking_id=76313671-40c1-4cff-a1e9-fe0aff6a55f6\">Aceitunas verdes descarozadas<img src=\"https://cdn-icons-png.flaticon.com/512/4652/4652433.png\" alt=\"\"></a> <a target=\"_blank\" href=\"/MLA-1230622410-aceitunas-negras-descarozadas-light-frasco-360-gr-x-6-unid-_JM#position=1&search_layout=stack&type=item&tracking_id=ae25f68c-332d-4367-8127-ff3abe67fdb3\">Aceitunas negras en rodajas<img src=\"https://cdn-icons-png.flaticon.com/512/4652/4652433.png\" alt=\"\"></a> </div> <div class=\"porciones\"> <img class=\"ico-porciones\" src=\"https://cdn-icons-png.flaticon.com/512/8285/8285335.png\" alt=\"ico-porciones\" /> <p><span>Porciones: </span>1</p> </div> </div> </div> </section> <div class=\"pasos-receta-contenedor\"> <div class=\"pasos-receta\"> <h3>Paso a paso</h3> <div class=\"paso-receta\"> <span>1</span> <p> Hacer un puré con la papa y la batata, agregar el aceite y dejar en heladera por 15 minutos </p> </div> <div class=\"paso-receta\"> <span>2</span> <p> Agregar nuez moscada, pimienta, sal marina, aceitunas picadas bien chiquitas, agregar la harina hasta que quede una masa que se pueda trabajar con las manos </p> </div> <div class=\"paso-receta\"> <span>3</span> <p> Formar las caritas haciendo primero una bolita y luego aplastando con las manos, decorar con aceitunas a gusto </p> </div> <div class=\"paso-receta\"> <span>4</span> <p> Poner en una placa para horno y cocinar por 15 minutos </p> </div> </div> </div>';\r\n\r\n        throw new Error(\"Error controlado\");\r\n    } else if (document.querySelector(\".ui-search--zrp\")) {\r\n        const ui_search = document.querySelector(\".ui-search--zrp\");\r\n\r\n        ui_search.classList.toggle(\"invisible\");\r\n\r\n        let main = document.querySelector(\"#root-app\");\r\n\r\n        main.innerHTML = '<section class=\"receta-superior caritas-superior\"> <div class=\"info-receta-contenedor\"> <img class=\"imagen-receta\" src=\"https://iili.io/bJtFbS.jpg\" alt=\"imagen-receta\" /> <div class=\"info-receta\"> <div class=\"ingredientes\"> <h2>Caritas de Aceitunas</h2> <h3>Ingredientes</h3> <p>1/2 papa</p> <p>1/2 batata</p> <p>3 cdas soperas de harina</p> <a target=\"_blank\" href=\"/MLA-1230907104-aceite-de-oliva-extra-virgen-clasico-lata-1000-ml-x-6-_JM#position=6&search_layout=stack&type=item&tracking_id=caac9fab-1afc-4402-97e8-bdd1b387f832\">1 cda sopera de aceite de oliva<img src=\"https://cdn-icons-png.flaticon.com/512/4652/4652433.png\" alt=\"\"></a> <a target=\"_blank\" href=\"/MLA-1230566897-aceitunas-verdes-descarozadas-nucete-frasco-660-gr-x-6-unid-_JM#position=1&search_layout=stack&type=item&tracking_id=76313671-40c1-4cff-a1e9-fe0aff6a55f6\">Aceitunas verdes descarozadas<img src=\"https://cdn-icons-png.flaticon.com/512/4652/4652433.png\" alt=\"\"></a> <a target=\"_blank\" href=\"/MLA-1230622410-aceitunas-negras-descarozadas-light-frasco-360-gr-x-6-unid-_JM#position=1&search_layout=stack&type=item&tracking_id=ae25f68c-332d-4367-8127-ff3abe67fdb3\">Aceitunas negras en rodajas<img src=\"https://cdn-icons-png.flaticon.com/512/4652/4652433.png\" alt=\"\"></a> </div> <div class=\"porciones\"> <img class=\"ico-porciones\" src=\"https://cdn-icons-png.flaticon.com/512/8285/8285335.png\" alt=\"ico-porciones\" /> <p><span>Porciones: </span>1</p> </div> </div> </div> </section> <div class=\"pasos-receta-contenedor\"> <div class=\"pasos-receta\"> <h3>Paso a paso</h3> <div class=\"paso-receta\"> <span>1</span> <p> Hacer un puré con la papa y la batata, agregar el aceite y dejar en heladera por 15 minutos </p> </div> <div class=\"paso-receta\"> <span>2</span> <p> Agregar nuez moscada, pimienta, sal marina, aceitunas picadas bien chiquitas, agregar la harina hasta que quede una masa que se pueda trabajar con las manos </p> </div> <div class=\"paso-receta\"> <span>3</span> <p> Formar las caritas haciendo primero una bolita y luego aplastando con las manos, decorar con aceitunas a gusto </p> </div> <div class=\"paso-receta\"> <span>4</span> <p> Poner en una placa para horno y cocinar por 15 minutos </p> </div> </div> </div>';\r\n\r\n        throw new Error(\"Error controlado\");\r\n    }\r\n}\r\n\r\n/* PESTO */\r\n\r\nif (URLactual == \"/receta-pesto\") {\r\n    if (document.querySelector(\".ui-search\")) {\r\n        const ui_search = document.querySelector(\".ui-search\");\r\n\r\n        ui_search.classList.toggle(\"invisible\");\r\n\r\n        let main = document.querySelector(\"#root-app\");\r\n\r\n        main.innerHTML = '<section class=\"receta-superior pesto-superior\"> <div class=\"info-receta-contenedor\"> <img class=\"imagen-receta\" src=\"https://iili.io/bJbJN2.jpg\" alt=\"imagen-receta\" /> <div class=\"info-receta\"> <div class=\"ingredientes\"> <h2>Pesto de pasta de aceitunas</h2> <h3>Ingredientes</h3> <p>1/2 taza de albahaca</p> <p>1 diente de ajo</p> <p>Unas hojitas de perejil</p> <a target=\"_blank\" href=\"/MLA-1290970132-pasta-de-aceitunas-verdes-nucete-190-gr-x-6-unidades-_JM#position=3&search_layout=stack&type=item&tracking_id=b2a11a96-b67b-42e9-a931-58c025ac4ab6\">1 frasco de pasta de aceitunas verdes Nucete<img src=\"https://cdn-icons-png.flaticon.com/512/4652/4652433.png\" alt=\"\"></a> <p>1 cucharada de jugo de limón</p> <p>Nueces picadas a gusto</p> </div> <div class=\"porciones\"> <img class=\"ico-porciones\" src=\"https://cdn-icons-png.flaticon.com/512/8285/8285335.png\" alt=\"ico-porciones\" /> <p><span>Porciones: </span>3</p> </div> </div> </div> </section> <div class=\"pasos-receta-contenedor\"> <div class=\"pasos-receta\"> <h3>Paso a paso</h3> <div class=\"paso-receta\"> <span>1</span> <p> Vertemos la pasta de aceitunas verdes Nucete en un bowl, incorporamos la albahaca y el perejil y el diente de ajo picados, (si elegiste pasta de aceitunas verdes al ajo, este último no es necesario incorporar). </p> </div> <div class=\"paso-receta\"> <span>2</span> <p> Agregamos las nueces, el jugo de limón y unas gotitas más de aceite de oliva virgen extra si ves que es necesario, ya que la pasta de aceitunas lo trae. </p> </div> <div class=\"paso-receta\"> <span>3</span> <p> Mezclamos y listo! Si preferís un pesto más cremoso, te recomendamos pasar la preparación por una licuadora o mixeadora. </p> </div> </div> </div>';\r\n\r\n        throw new Error(\"Error controlado\");\r\n    } else if (document.querySelector(\".ui-search--zrp\")) {\r\n        const ui_search = document.querySelector(\".ui-search--zrp\");\r\n\r\n        ui_search.classList.toggle(\"invisible\");\r\n\r\n        let main = document.querySelector(\"#root-app\");\r\n\r\n        main.innerHTML = '<section class=\"receta-superior pesto-superior\"> <div class=\"info-receta-contenedor\"> <img class=\"imagen-receta\" src=\"https://iili.io/bJbJN2.jpg\" alt=\"imagen-receta\" /> <div class=\"info-receta\"> <div class=\"ingredientes\"> <h2>Pesto de pasta de aceitunas</h2> <h3>Ingredientes</h3> <p>1/2 taza de albahaca</p> <p>1 diente de ajo</p> <p>Unas hojitas de perejil</p> <a target=\"_blank\" href=\"/MLA-1290970132-pasta-de-aceitunas-verdes-nucete-190-gr-x-6-unidades-_JM#position=3&search_layout=stack&type=item&tracking_id=b2a11a96-b67b-42e9-a931-58c025ac4ab6\">1 frasco de pasta de aceitunas verdes Nucete<img src=\"https://cdn-icons-png.flaticon.com/512/4652/4652433.png\" alt=\"\"></a> <p>1 cucharada de jugo de limón</p> <p>Nueces picadas a gusto</p> </div> <div class=\"porciones\"> <img class=\"ico-porciones\" src=\"https://cdn-icons-png.flaticon.com/512/8285/8285335.png\" alt=\"ico-porciones\" /> <p><span>Porciones: </span>3</p> </div> </div> </div> </section> <div class=\"pasos-receta-contenedor\"> <div class=\"pasos-receta\"> <h3>Paso a paso</h3> <div class=\"paso-receta\"> <span>1</span> <p> Vertemos la pasta de aceitunas verdes Nucete en un bowl, incorporamos la albahaca y el perejil y el diente de ajo picados, (si elegiste pasta de aceitunas verdes al ajo, este último no es necesario incorporar). </p> </div> <div class=\"paso-receta\"> <span>2</span> <p> Agregamos las nueces, el jugo de limón y unas gotitas más de aceite de oliva virgen extra si ves que es necesario, ya que la pasta de aceitunas lo trae. </p> </div> <div class=\"paso-receta\"> <span>3</span> <p> Mezclamos y listo! Si preferís un pesto más cremoso, te recomendamos pasar la preparación por una licuadora o mixeadora. </p> </div> </div> </div>';\r\n\r\n        throw new Error(\"Error controlado\");\r\n    }\r\n}","src":"","priority":10,"key":"widget-11"},{"code":"(function() {\r\n    let link = document.querySelector(\"link[rel*='icon']\") || document.createElement('link');\r\n    link.type = 'image/x-icon';\r\n    link.rel = 'shortcut icon';\r\n    link.href = 'https://iili.io/LPkuOg.png';\r\n    document.getElementsByTagName('head')[0].appendChild(link);\r\n  })();\r\n  function faviconIn(){\r\n    let link = document.querySelector(\"link[rel*='icon']\") || document.createElement('link');\r\n    link.type = 'image/x-icon';link.rel = 'shortcut icon';\r\n    link.href = 'https://iili.io/LPkuOg.png';\r\n    document.getElementsByTagName('head')[0].appendChild(link)\r\n  };\r\n  \r\n  setTimeout(faviconIn,1000);\r\n\r\n\r\n","src":"","priority":10,"key":"widget-12"}]